<?xml version="1.0" encoding="UTF-8"?>
<!DOCTYPE hibernate-configuration PUBLIC
		"-//Hibernate/Hibernate Configuration DTD 3.0//EN"
		"http://hibernate.sourceforge.net/hibernate-configuration-3.0.dtd">
<hibernate-configuration>
    <session-factory>
    <!-- 是否在控制台打印sql -->
    <property name="hibernate.show_sql">false</property>
	<!-- 是否格式化sql -->    
    <property name="hibernate.format_sql">false</property>
	<!-- 生成数据表的策略 -->    
    <property name="hibernate.hbm2ddl.auto">update</property>
    </session-factory>
</hibernate-configuration>
