<?xml version="1.0"?>
<!DOCTYPE hibernate-mapping PUBLIC "-//Hibernate/Hibernate Mapping DTD 3.0//EN"
"http://hibernate.sourceforge.net/hibernate-mapping-3.0.dtd">
<!-- Generated 2019-5-30 17:20:10 by Hibernate Tools 3.4.0.CR1 -->
<hibernate-mapping>
    <class name="zhang.spring.bookstore.entities.User" table="USER">
        <id name="id" type="java.lang.Integer">
            <column name="USER_ID" />
            <generator class="native" />
        </id>
        <property name="username" type="java.lang.String">
            <column name="NAME" />
        </property>
        <property name="sex" type="java.lang.String">
            <column name="SEX" />
        </property>
        <property name="phonenumber" type="java.lang.String">
            <column name="PHONE" />
        </property>
        <property name="address" type="java.lang.String">
            <column name="ADDRESS" />
        </property>
        <property name="email" type="java.lang.String">
            <column name="EMAIL" />
        </property>
        <property name="createTime" type="date">
            <column name="CREATE_TIME" />
        </property>
        <property name="password" type="java.lang.String">
            <column name="PASSWORD" />
        </property>
        <property name="birth" type="date">
            <column name="BIRTH" />
        </property>
        <many-to-one name="account" class="zhang.spring.bookstore.entities.Account" lazy="false" unique="true"></many-to-one>
       
    </class>
</hibernate-mapping>
